Lower_Super_Output_Area_Code,Output_Area_Classification_Code,AB,C1,C2,DE,Gender,Marital_Status,Employment_Status,iva_joint,Partner_Gender,Partner_Employment_Status,household_income,household_expenses,household_DI,Household_Total_Debt,no_adults,under_16,under_18,duration_Arrangement_to_Date,Total_Expected_Duration,home_owner_flag,owned_property_count,vehicle_count,Terminated,dividend_approved,payment_frequency,contributions_expected_to_date,contributions_received_to_date,TotalPaymentsDue,Arrears_Amount,arrears_months,Arrears_Category,NoMonths_FirstPayment,agreed_missed_flag,NoMonth_FirstMissedPayment,Physical_Disability_Vulnerability,Illness_Vulnerability,Addiction_Vulnerability,Mental_Health_Vulnerability,age,age_partner,DOB_Year,DOB_Month
4174,79,0.13714439936746053,0.35011408401418864,0.1723397314091124,0.4224913747813253,2,1,11,1,,,77218,88410,58132,8906,1,0,0,11,76,1,0,0,0,21.29,1,1093.79,1198.79,73595,-105.0,,1.0,1.0,1,,1,1,1,1,42,,1998,6
4507,124,0.1603989260644274,0.27708409453926147,0.22887889586331323,0.2724797929008056,1,1,8,1,,,64230,79617,79945,62413,1,0,0,10,71,1,0,0,1,22.14,1,704.3,354.3,84807,350.0,3.0,1.0,2.0,1,7.0,1,1,1,1,53,,1932,11
1860,119,0.10903103894165128,0.24648284770264817,0.27994188385942764,0.326296138894397,2,1,6,1,,,75055,54276,83050,55028,1,0,0,13,60,1,0,1,1,15.11,1,830.0,30.0,46539,800.0,12.0,2.0,0.0,0,1.0,1,1,1,1,27,,1957,7
2294,148,0.38103046377006666,0.3166090324951307,0.2333513614271875,0.41875574517674763,2,1,11,1,,,57373,58492,96402,8287,1,0,0,12,61,1,0,0,1,29.24,1,1000.0,300.0,8491,700.0,8.0,,1.0,1,4.0,1,1,1,1,24,,1999,1
2130,121,0.12269522339348347,0.2541241635340577,0.22295226322852194,0.30557972291534885,2,5,6,1,,,32480,54002,3983,34660,2,4,0,7,61,1,0,0,1,31.67,1,700.0,200.0,51192,500.0,3.0,,1.0,1,3.0,1,1,1,1,31,,1958,5
2095,92,0.2512991968119871,0.2616674765689086,0.22270949932175174,0.2771038894855951,2,5,8,1,,,86230,90599,98241,76758,1,0,0,9,65,1,0,0,1,21.45,1,691.36,796.36,81395,-105.0,,1.0,0.0,1,,1,1,1,1,46,,1924,5
4772,63,0.1502049027671826,0.3117778739352133,0.2114296358477146,0.3859666739896809,1,1,7,1,,,69836,73355,21662,61504,1,0,0,5,60,1,0,1,1,18.94,1,500.0,0.0,64888,500.0,4.0,,,1,1.0,1,1,1,1,39,,1963,10
4092,65,0.1599420821209209,0.2920621360581352,0.25910521240813617,0.32130109930136985,2,6,11,0,,,73258,92248,24510,60720,1,0,0,5,60,1,0,0,0,13.5,1,500.0,500.0,74609,0.0,,,1.0,1,,1,1,1,1,43,,1987,4
2638,128,0.21206470662692312,0.2764800029290998,0.20326191491321866,0.32975529151471733,2,6,11,1,,,40986,25762,79187,35701,0,0,0,9,66,1,0,1,0,26.26,1,1000.43,1000.43,10077,0.0,,,0.0,1,,1,1,1,1,50,,1945,6
3169,99,0.09953089879014158,0.29903890361927604,0.1751127528061064,0.18751749713265817,1,5,8,1,,,25160,12046,41998,84300,2,3,0,5,60,1,0,0,1,15.33,1,500.0,0.0,21953,500.0,4.0,,,1,1.0,1,0,1,1,26,,1983,7
1466,148,0.15041734929638734,0.2847736948070815,0.1676776101691671,0.3715519785791114,1,1,11,1,,,86595,97999,57846,18674,1,0,0,3,60,1,0,0,0,11.19,1,300.0,300.0,77919,0.0,,,1.0,1,,1,1,1,1,34,,1987,9
2238,80,0.18343019847374065,0.3534171323623788,0.2225864527086431,0.31555910034797613,2,5,8,1,1.0,,80111,29769,95071,84560,2,0,0,3,60,1,0,1,0,18.04,1,300.0,200.0,68889,100.0,1.0,,0.0,1,2.0,1,1,1,1,54,50.0,1995,1
1330,68,0.13869750339473735,0.27681950746905215,0.2550452380692893,0.1977386781872198,2,1,8,1,,,65929,54302,7640,24874,0,0,0,9,60,1,0,0,0,32.53,1,900.0,900.0,24821,0.0,,,1.0,1,,1,0,1,1,30,,1934,6
2482,54,0.14020199028032093,0.2697248901984828,0.2278263762088157,0.3229436097494281,1,1,11,1,,,74506,24150,45547,44642,2,0,0,0,60,1,0,1,0,34.85,1,100.0,100.0,38567,0.0,,,0.0,0,,1,1,1,1,23,,1937,7
3135,84,0.2622877620001595,0.2834114194502407,0.2094804540997082,0.15114558257808844,2,1,8,1,,,35911,69247,55620,98820,1,0,0,13,60,1,0,1,1,8.81,1,0.0,0.0,25860,0.0,,2.0,,1,,1,1,1,1,58,,1983,3
4444,104,0.25706084880141583,0.2846735856812044,0.23513215776662602,0.44816186638288186,1,5,11,1,,,88127,5853,16317,66160,2,3,0,7,60,1,1,1,1,30.75,1,300.0,200.0,22195,100.0,4.0,2.0,1.0,0,3.0,1,1,1,1,45,,1953,8
4171,128,0.16454752997550037,0.314783074155036,0.226131067697156,0.21592815407477134,1,5,11,1,2.0,,32821,95613,8564,18602,1,0,0,13,64,1,0,1,1,30.22,3,1355.8,494.3,78475,861.5,10.0,,1.0,1,3.0,1,1,1,1,60,52.0,1958,5
3919,110,0.18741449606483884,0.23753366620226085,0.24729156782770778,0.39892221813191076,1,7,11,0,,,76039,90399,28345,89801,1,0,0,12,60,1,0,2,0,35.19,1,1100.0,900.0,91874,200.0,2.0,1.0,1.0,1,9.0,1,1,1,1,41,,1960,9
4735,48,0.27189806846744013,0.30971853818045547,0.26383413633960007,0.23540999426276052,1,5,11,1,,,61535,22792,95223,26931,2,0,0,6,60,1,0,1,0,9.43,1,630.0,630.0,88266,0.0,,,0.0,1,,1,0,1,1,41,,1928,5
1130,127,0.10157958661730304,0.28083605441707993,0.18841771837282278,0.32801008812315313,2,1,11,1,,,85458,60129,80273,95377,1,0,0,9,62,1,0,0,1,43.58,1,700.0,0.0,22427,700.0,6.0,,,1,2.0,1,1,1,1,58,,2001,9
2685,40,0.21441149691012112,0.3201928214251248,0.14261668301375957,0.22872231042360616,3,1,2,1,,,13175,75478,75859,30192,1,4,0,7,65,1,0,0,0,19.19,4,515.35,515.35,28083,0.0,,,3.0,0,,1,1,1,1,23,,1949,10
4380,147,0.31906138996801336,0.29557546575311655,0.20835070885166224,0.35747161000941813,1,1,7,1,,,55771,68298,81765,47542,1,0,0,10,65,1,0,1,0,68.06,1,2717.0,1976.0,88046,741.0,1.0,,0.0,1,9.0,1,1,1,1,47,,1985,4
1769,47,0.31845157811500957,0.3124854851272435,0.18627014059409402,0.27436277061208575,1,5,11,0,,,87925,32987,75038,43520,2,1,0,6,60,1,0,1,0,16.91,1,600.0,600.0,58372,0.0,,,1.0,1,,1,1,1,1,47,,1927,9
3391,127,0.0687479060514119,0.28531135772345617,0.24748227386018995,0.3217760068775607,2,3,8,0,,,67358,16850,53393,65772,1,0,0,11,60,1,0,0,0,27.99,2,1015.26,963.07,45064,52.19,6.0,,1.0,0,5.0,1,1,1,1,53,,1965,5
2515,102,0.1440299208855825,0.3100767427970837,0.19602439560582316,0.29124728646344555,1,1,11,1,,,18327,13112,67081,59762,1,0,0,13,60,1,0,1,1,26.79,1,1170.0,540.0,8813,630.0,6.0,,1.0,1,7.0,1,1,1,1,29,,1941,10
4485,50,0.2035814800441065,0.346675739481576,0.15795254967514405,0.19813820147406047,1,7,11,1,,,48057,25058,30430,51106,0,0,0,9,62,1,0,0,0,24.13,1,720.0,720.0,32598,0.0,,,1.0,1,,1,1,1,1,42,,1963,9
3853,120,0.10826840822062804,0.27492553088738036,0.2009884332671423,0.3242257290944487,2,3,4,1,,,7150,46420,76532,82121,1,0,0,10,60,1,0,0,1,19.09,1,1000.0,400.0,94106,600.0,5.0,,1.0,1,5.0,1,1,1,1,67,,1995,3
3433,47,0.15006511288745356,0.29379736809274914,0.17064281335746223,0.25629574511579584,1,1,11,1,,,5425,39890,28788,26559,1,0,0,12,60,1,0,1,1,44.04,1,0.0,0.0,28082,0.0,,2.0,,1,,1,1,1,1,29,,1962,4
2215,74,0.18401733334092973,0.28248030803465624,0.2725516950779574,0.3607217997269571,2,1,11,1,,,17032,67017,96505,34742,1,0,0,10,60,1,0,0,1,35.3,1,700.0,100.0,30241,600.0,7.0,2.0,1.0,1,3.0,1,1,1,1,42,,1937,9
1955,74,0.28240466313367685,0.3445621147324686,0.23556862974892157,0.274326283961402,2,1,11,1,,,3198,48304,49543,70669,1,0,0,11,60,1,0,0,1,26.87,1,476.93,200.0,97214,276.93,7.0,2.0,1.0,1,4.0,1,1,1,1,31,,1955,10
3324,72,0.1898931785167935,0.2840411826572822,0.24138519384471427,0.28505487138860186,2,1,11,1,,,61500,33921,14919,81199,1,0,0,9,60,1,0,1,1,12.45,1,450.0,90.0,45569,360.0,7.0,2.0,0.0,1,2.0,1,1,1,1,24,,1974,11
2184,44,0.20666859798939083,0.2751209319122953,0.2376974680010554,0.40371909919072435,2,7,8,1,,,54394,2524,70346,22754,1,0,0,12,60,1,0,0,1,27.86,1,900.0,200.0,12745,700.0,8.0,2.0,1.0,1,4.0,1,1,1,1,31,,1961,6
1459,145,0.22556365846593843,0.2797315438118316,0.24775383096799092,0.4508364347379882,1,7,11,1,,,21079,16048,97122,4972,2,2,0,13,61,1,0,1,0,13.28,1,1541.22,1541.22,27029,0.0,,,1.0,1,,1,1,1,1,29,,1946,2
4385,142,0.2275501223856079,0.2929457163074009,0.25744735306720223,0.3432374039047325,2,7,8,1,1.0,8.0,37220,36111,40974,71831,1,0,0,12,62,1,0,0,0,35.73,1,2705.13,2485.13,14025,220.0,0.0,,1.0,1,12.0,1,1,1,1,38,52.0,1986,7
1021,80,0.194593307279071,0.27330515123653026,0.202127703582956,0.2708682120073834,1,1,11,0,,,42874,38904,17371,42873,1,0,0,6,60,1,0,1,0,19.64,1,726.0,726.0,15288,0.0,,,1.0,1,,1,1,1,1,37,,1938,2
3300,67,0.1162481583204795,0.28599666518258493,0.17302387064284946,0.2649662422961706,2,5,6,1,,,14859,55912,46084,95661,2,3,0,7,60,1,0,0,1,25.14,1,630.0,0.0,90186,630.0,6.0,,,0,0.0,1,1,1,1,36,,1948,11
1747,46,0.24329248538416604,0.301691851129266,0.1919707006966442,0.235024170746584,1,1,11,0,,,51460,35008,30629,10903,1,0,0,5,61,1,0,0,0,36.92,1,760.0,476.0,7540,284.0,1.0,,1.0,1,4.0,1,1,1,1,50,,1940,2
3904,112,0.22038827722312182,0.29355017135601685,0.2184779139898951,0.24806866220109286,1,1,6,1,,,32419,1060,52184,4020,1,0,0,6,60,1,0,0,1,37.59,1,0.0,0.0,98768,0.0,,2.0,,1,,1,1,1,1,44,,1989,11
4632,111,0.12266411370336629,0.3218316233745477,0.13518560807241753,0.27178062763686356,2,1,9,1,,,9705,75666,62916,42755,1,0,0,12,66,1,0,0,0,17.41,1,550.0,300.0,82958,250.0,11.0,1.0,1.0,1,1.0,1,1,1,1,30,,2001,1
1474,51,0.14916636771566674,0.2874625665581334,0.25775762481549563,0.42269027315321017,2,6,5,1,,,43880,84559,74972,86956,1,0,0,6,62,1,0,0,1,35.22,1,530.0,0.0,69878,530.0,3.0,,,1,3.0,1,1,1,1,54,,1976,11
2082,73,0.24954883570325814,0.29088849048100146,0.15725923586729168,0.27693183593542164,1,1,8,1,,,24236,56337,63187,87988,1,0,0,13,64,1,0,1,0,10.59,1,1466.03,1466.03,42846,0.0,,,0.0,1,,1,1,1,1,37,,1974,11
3558,72,0.2315143870095525,0.30509153900709585,0.23978273431802782,0.20755288293587432,2,1,11,1,,,88955,14350,13984,46648,1,0,0,13,62,1,0,1,0,31.76,1,1306.12,1306.12,76932,0.0,,,0.0,0,,1,1,1,1,31,,1962,12
4753,87,0.14673666756777554,0.3640246387172929,0.21441690445374367,0.29304110973481656,1,3,11,1,,,86514,25354,34039,10516,1,0,0,2,60,1,0,0,0,18.69,1,200.0,200.0,18482,0.0,,,1.0,1,,1,1,1,1,51,,1974,11
3047,62,0.17553542712754128,0.27348140928256875,0.22940322040020703,0.30224346464208474,2,1,6,1,,,16358,46186,86431,3396,1,1,0,1,60,0,0,0,0,19.0,1,200.0,200.0,24411,0.0,,,0.0,1,,1,1,1,1,48,,1993,3
4547,101,0.18362271129286606,0.3544346138533904,0.20437031771699185,0.2926344913689436,1,5,4,0,,,95914,29145,84691,85082,1,0,0,14,60,1,0,0,1,19.92,1,1000.0,400.0,51975,600.0,11.0,2.0,1.0,1,3.0,1,1,1,1,71,,1929,6
3747,127,0.23225108025468705,0.26165829368597365,0.22715587049278688,0.34415837787372366,1,7,11,1,,,77918,35020,59606,20129,0,0,0,10,60,1,0,1,0,27.59,1,1100.0,1100.0,61545,0.0,,,0.0,1,,1,1,1,1,33,,1990,8
1975,76,0.2726605944957922,0.3038347546036862,0.20437171360294143,0.2948847914523205,1,1,11,1,,,15596,87123,11616,2591,1,0,0,10,60,1,0,0,1,28.53,1,900.0,150.0,79797,750.0,9.0,2.0,5.0,1,1.0,1,0,1,1,42,,1930,9
2806,138,0.19699444079260617,0.28686446411952204,0.20158426397818194,0.34207034737823255,1,1,11,1,,,34572,76186,51072,12303,1,0,0,13,64,1,0,0,0,36.25,1,1642.86,1412.86,53307,230.0,0.0,,0.0,1,13.0,1,1,1,1,32,,1974,7
1189,83,0.2675620256538459,0.27265525311970584,0.19030747503343506,0.2376091884412762,2,1,11,1,,,79757,86469,25574,31561,0,0,0,11,60,1,0,1,1,42.23,1,405.0,135.0,4093,270.0,,2.0,0.0,0,,1,1,1,1,58,,1995,4
4005,143,0.2486411521968508,0.3178719000996931,0.2704247355025853,0.4103144153525143,2,3,8,1,,,2279,21581,4430,72719,1,0,0,11,60,1,0,0,0,34.5,1,1100.0,1100.0,78258,0.0,,,1.0,1,,1,1,1,1,45,,1965,6
3734,125,0.2059468713588651,0.3149100618990949,0.23210571005333255,0.30725732796727695,2,1,6,1,,,64197,89929,13676,93108,1,2,0,3,60,1,0,0,0,17.78,1,400.0,400.0,23042,0.0,,,0.0,1,,1,1,0,1,36,,1987,5
4005,130,0.10049222769785524,0.28262867955545584,0.22690095660253887,0.31722007835829646,2,6,11,1,,,63516,24051,11816,87231,1,1,0,2,62,1,0,0,0,11.94,1,0.0,0.0,53930,0.0,,,,1,,1,1,1,1,37,,1938,8
1562,74,0.1270790018461218,0.23448044691713468,0.19102413104966878,0.23732808412961082,2,1,11,0,,,8083,52474,33733,8314,1,0,0,14,67,0,0,1,0,36.95,1,1463.49,1463.49,45413,0.0,,,1.0,1,,1,1,1,1,42,,1952,1
2899,104,0.24019546671205938,0.28445604094250454,0.21220894425800768,0.32204894520223437,2,2,6,0,,,18771,92748,86680,20623,1,5,0,6,62,1,0,0,1,12.91,1,400.0,0.0,94623,400.0,3.0,,,1,3.0,1,1,1,1,37,,1956,1
4638,138,0.08341582670582495,0.3011544651312375,0.18733191355345769,0.33413581397494374,2,3,11,1,,,30975,70626,3050,68675,1,0,0,13,74,1,0,1,0,27.46,1,1459.72,1459.72,98883,0.0,,,1.0,1,,1,0,1,1,53,,1950,11
2267,140,0.20040461100605855,0.297052188187032,0.20373403321271027,0.21134841718521963,1,1,7,1,,,46648,7960,34933,97826,1,0,0,6,60,1,0,0,1,27.1,1,720.0,140.0,34756,580.0,17.0,,3.0,1,-11.0,1,1,1,1,32,,1959,6
3879,86,0.2567730127116878,0.31956914494730015,0.1799951461141167,0.17835104721630135,2,7,8,1,1.0,,49285,36772,25951,66082,1,0,0,9,61,1,0,1,1,23.21,1,1120.5,920.5,54268,200.0,1.0,,0.0,1,8.0,1,1,1,1,38,52.0,1952,10
2528,117,0.20254309966110848,0.35473075713960844,0.2725181814267997,0.31003471021461837,1,7,8,1,1.0,8.0,20063,22520,33413,84624,2,2,0,10,73,1,0,0,0,64.49,1,2328.64,1909.06,40214,419.58,2.0,1.0,0.0,1,8.0,1,1,1,1,27,52.0,1961,12
4202,42,0.15433983374255195,0.30935572642422926,0.19494741184023798,0.25727136786751825,1,1,11,1,,,68642,50481,35801,34130,0,0,0,9,62,1,0,0,0,20.99,1,802.06,802.06,82871,0.0,,,1.0,1,,1,1,1,1,51,,1980,2
4556,40,0.13865930617144942,0.3139507594370903,0.19104010000850868,0.3077591556286074,2,1,11,1,,,91093,37408,56619,52756,1,0,0,9,61,1,0,1,0,12.16,1,722.84,802.84,29602,-80.0,,1.0,1.0,1,,1,1,1,1,45,,1950,5
4890,44,0.2449857566413774,0.30142252358750726,0.1761435427372939,0.2031707680213817,2,7,8,1,1.0,,87143,95006,33913,98624,1,0,0,11,66,1,0,1,0,25.05,1,1538.88,1650.4,54331,-111.52,,1.0,1.0,1,,1,0,1,1,53,52.0,1978,1
1646,129,0.2229600258324137,0.3320052333509519,0.1944746115532818,0.18499914454920968,1,1,11,1,,,38599,58134,41600,27292,1,0,0,6,62,1,0,1,1,32.95,1,675.0,125.0,49901,550.0,0.0,,4.0,1,5.0,1,0,1,1,23,,1956,7
3068,53,0.17454072106595478,0.31286485413907855,0.20361070630400976,0.30416947019427903,2,5,7,1,,,52920,21491,58775,87206,1,0,0,13,61,1,1,1,0,24.08,1,1999.0,1999.0,64416,0.0,,,1.0,1,,1,1,1,1,45,,1991,1
3888,142,0.26091711899637254,0.319365223056997,0.21833805387605212,0.26664385409064,1,7,11,1,,,29529,2341,91816,70274,0,0,0,8,60,1,0,0,0,13.63,2,853.59,853.59,33196,0.0,,,0.0,1,,1,0,1,1,61,,1989,4
3214,66,0.2474057776598652,0.35101080956330977,0.19863686719084736,0.1478969926731745,2,1,8,1,,,36954,45623,91093,3469,1,0,0,11,60,1,0,0,1,30.09,1,315.0,105.0,6626,210.0,5.0,2.0,1.0,1,6.0,1,0,1,1,25,,1933,9
2297,48,0.30716897843824775,0.3037754516717581,0.16705080536540265,0.3808029169808225,2,1,5,1,,,28856,91327,36400,54947,1,2,0,13,62,1,0,1,0,14.68,1,1528.0,1528.0,8424,0.0,,,1.0,1,,1,0,1,1,29,,1928,1
3435,118,0.22904679077602622,0.28890750439763274,0.16989554052201133,0.2020499357215552,1,6,5,1,,,3573,1338,5494,23534,1,0,0,2,60,1,0,0,0,7.89,1,200.0,200.0,13857,0.0,,,1.0,1,,1,1,1,1,63,,1997,4
1600,54,0.18227741306119433,0.31032357573216685,0.24244661303413856,0.4637628719933922,2,2,6,1,,,79344,72431,81688,64620,1,1,0,2,60,1,0,0,0,22.88,1,200.0,225.0,20982,-25.0,,1.0,1.0,0,,1,1,1,1,25,,1961,6
3363,129,0.18365284847618824,0.3309245500549649,0.21591412845217553,0.24815103065454686,1,1,11,1,,,36367,13254,90431,49874,1,0,0,12,60,1,0,0,1,22.97,1,1200.0,500.0,77961,700.0,6.0,,1.0,1,5.0,1,1,1,1,56,,1936,6
3061,81,0.06908944037407892,0.31196989714590834,0.24142933920628462,0.3173105486249684,1,1,7,1,,,61774,52860,75691,50708,1,0,0,9,61,1,0,2,0,20.57,1,700.0,500.0,2980,200.0,1.0,,1.0,1,7.0,1,1,1,1,42,,1954,12
1241,116,0.2024304393016974,0.328667134345349,0.24577340515641322,0.4012929696510976,1,1,11,1,,,24752,12344,98419,75553,1,0,0,7,85,1,0,1,1,34.66,1,1620.0,842.21,49290,777.79,,,0.0,1,,1,1,0,1,52,,1970,8
3041,90,0.19179157393437768,0.2770234383789388,0.2249694361759113,0.3899966369453758,2,1,11,1,,,56029,2750,44001,69344,1,0,0,11,64,0,0,0,1,49.85,1,2322.81,1962.81,27431,360.0,2.0,,1.0,1,9.0,1,1,1,1,40,,1975,1
3824,102,0.10774423971859058,0.27107832649300534,0.17924761340590112,0.42416597675275797,1,1,11,0,,,18685,55756,68364,50138,0,0,0,10,60,1,0,1,0,19.48,1,1010.0,1010.0,85976,0.0,,,1.0,1,,1,1,1,1,42,,1979,7
4417,135,0.19117944388541921,0.28072402006451525,0.22624257994608707,0.1875232042403368,2,2,11,0,,,52693,68957,46028,55302,1,1,0,7,60,1,0,0,1,11.63,1,200.0,200.0,83711,0.0,,1.0,3.0,1,,1,1,1,1,45,,1938,1
3612,142,0.27868601870139276,0.2591558770200161,0.2662509054359209,0.21363465220655767,2,1,11,1,,,56961,59053,98659,48638,1,0,0,7,62,1,0,0,1,24.2,1,700.0,0.0,27385,700.0,6.0,,,1,1.0,1,1,1,1,22,,1952,7
3945,91,0.14582546630747165,0.30029141858334235,0.20518012192334462,0.3054714870311763,2,1,8,1,,,77908,71855,38573,79249,1,0,0,13,60,1,0,1,1,13.05,1,408.0,102.0,39158,306.0,7.0,2.0,1.0,0,6.0,1,1,1,1,42,,1931,3
2363,135,0.13141554381759468,0.28415811498508675,0.23123630893921182,0.346859557541796,1,1,11,1,,,75532,16896,1806,3719,1,0,0,14,66,1,0,0,0,31.86,1,1485.41,1485.41,24019,0.0,,,1.0,0,,1,1,1,1,38,,1928,11
3139,43,0.2634516463023694,0.333730326383558,0.21951850618179275,0.2894743046063053,2,1,11,1,,,82994,56761,57638,23890,1,0,0,14,63,1,0,0,0,24.44,1,1381.43,1471.43,19639,-90.0,,,1.0,1,,1,1,1,1,61,,1952,8
2390,133,0.23335327795319086,0.25844398838127974,0.2653509301401721,0.17977375477579524,1,7,6,1,,,57133,63552,30757,78236,2,3,0,7,61,1,0,1,1,31.18,1,720.0,220.0,86530,500.0,5.0,,1.0,1,2.0,1,1,1,1,41,,1970,3
4003,140,0.38853969726090143,0.34342572581903297,0.19756346798334737,0.32371803326825294,2,1,5,1,,,98425,78454,35636,37509,1,1,0,5,60,1,0,0,1,33.05,1,550.0,0.0,22563,550.0,4.0,,,1,1.0,1,0,1,1,41,,1991,1
2478,62,0.10847986250919082,0.26770084689878476,0.2581149184712648,0.27713213611250026,1,6,11,1,,,62268,91600,81097,43534,1,0,0,9,60,1,0,1,1,13.92,1,800.0,200.0,40341,600.0,7.0,,0.0,1,1.0,1,0,1,1,51,,1999,8
4499,142,0.23886198634328187,0.2600262961750914,0.2075745604891197,0.27632375763613226,2,1,6,1,,,93201,28935,49280,93241,1,3,0,2,68,1,0,0,1,16.54,3,369.2,0.0,6776,369.2,2.0,,,1,0.0,1,1,1,1,24,,1968,3
3556,148,0.21299627127086382,0.2723751685263507,0.1970225388258547,0.13661847526953877,2,1,6,1,,,39243,38641,25262,19787,1,5,0,7,61,1,0,0,1,29.04,1,600.0,0.0,37444,600.0,6.0,,,1,1.0,1,1,1,1,27,,1925,2
1775,54,0.19658724398562277,0.355260371328202,0.22360652480703366,0.34400954822541824,2,1,8,0,,,58384,30711,81435,49845,1,0,0,10,61,1,0,0,0,29.92,1,940.0,810.0,69916,130.0,3.0,,2.0,1,7.0,1,1,1,1,42,,1950,1
1034,82,0.2510196205294129,0.2958011535773768,0.23129720256516392,0.30002321927159603,2,1,11,1,,,32653,71342,63211,58932,1,0,0,13,76,1,0,1,0,17.33,1,2490.97,2490.97,9711,0.0,,,0.0,1,,1,1,1,1,41,,1959,3
3253,68,0.1908956709446351,0.31280619709782737,0.2831776673591092,0.41128784352782505,2,1,6,1,,,27657,13182,55842,93124,1,1,0,7,60,1,0,0,1,25.04,1,630.0,0.0,75318,630.0,6.0,,,0,1.0,1,1,1,1,27,,1959,2
4152,75,0.0689739538986295,0.2915073013672,0.23053938810825292,0.28520702181858165,2,1,5,1,,,40952,88833,57979,92659,1,4,0,6,64,1,0,0,1,8.03,1,100.0,0.0,83970,100.0,0.0,,,1,5.0,1,1,1,1,35,,1949,2
2955,52,0.1386117837241762,0.29430842179777644,0.2263646915020199,0.3284224122939986,1,1,11,1,,,23180,57276,82470,34062,1,0,0,10,61,1,0,0,0,18.7,1,700.13,700.13,86553,0.0,0.0,1.0,2.0,1,9.0,1,1,1,1,28,,1966,6
2585,71,0.280045834508431,0.2818932069043967,0.27274959301570467,0.3463248499921812,1,1,11,1,,,98432,20541,39197,76713,2,2,0,6,60,1,0,1,1,28.64,4,0.0,0.0,31707,0.0,,2.0,,1,,1,1,1,1,34,,1950,12
4943,110,0.2677424322968252,0.2985131759367491,0.23984756101070281,0.17247950814133783,1,5,11,1,2.0,,79411,95457,42844,88263,2,2,0,2,60,1,0,1,1,8.36,1,200.0,200.0,40110,0.0,,,0.0,1,,1,1,1,1,52,38.0,1992,1
4459,98,0.16893718517075057,0.31176605705848287,0.19867148658936423,0.46668785260646806,2,1,7,1,,,2622,83310,65754,96756,1,2,0,5,60,1,0,0,0,27.76,1,550.0,550.0,62788,0.0,,,1.0,1,,1,1,1,1,35,,1943,2
4073,125,0.22499923286871462,0.34710975457478516,0.26480842874595034,0.26118106000509744,2,1,8,1,,,49756,45813,35157,61461,1,0,0,12,60,1,0,0,1,18.23,1,400.0,100.0,83879,300.0,8.0,2.0,1.0,1,4.0,1,1,1,1,31,,1934,6
2021,67,0.37081674722007396,0.24102917060806997,0.19551900693545646,0.32358238449696447,1,1,11,1,,,41809,38198,78129,76418,0,0,0,11,60,1,0,1,0,21.61,1,1100.0,1100.0,39827,0.0,,,1.0,0,,1,0,1,1,28,,1997,3
4461,105,0.19080221842164125,0.3450947463880475,0.19850708709039194,0.33342889245114893,1,1,8,1,,,17725,9820,41042,67672,1,0,0,13,61,1,0,0,1,14.23,1,1367.0,737.0,6655,630.0,5.0,,1.0,0,8.0,1,1,1,1,65,,1961,4
3613,81,0.192055772391355,0.3127621532544181,0.191918228727659,0.2352866844909262,2,5,6,1,1.0,,62396,25070,62665,35832,2,3,0,6,60,1,0,0,1,35.23,1,600.0,100.0,45859,500.0,4.0,,1.0,1,2.0,1,1,1,1,34,34.0,1929,1
2129,84,0.20498440041022994,0.286017184149425,0.18901767543277145,0.4147820257990795,2,1,11,1,,,52226,70768,83856,32966,1,0,0,13,60,1,0,0,1,45.26,1,1250.0,415.0,54625,835.0,12.0,,2.0,1,0.0,1,1,1,1,34,,1995,8
4843,101,0.2316098306825592,0.2806438240334946,0.23099024503002805,0.30816604325752633,2,2,11,1,,,82182,12122,28376,73545,1,0,0,7,61,1,0,0,0,31.21,1,600.0,600.0,53098,0.0,,,1.0,1,,1,1,1,1,55,,1946,7
4893,96,0.1704858174116209,0.3281606462626256,0.2114466829083893,0.27583595658814397,1,1,11,1,,,83565,81559,56554,13987,1,0,0,10,61,1,0,0,1,24.16,1,926.83,426.83,16251,500.0,4.0,,1.0,0,5.0,1,1,1,1,29,,1970,7
2500,45,0.23155571064550162,0.3038349966355959,0.10497044857466781,0.29957166978411376,2,6,6,1,,,30402,74543,15199,38311,1,7,0,7,62,1,0,1,1,18.21,1,500.0,0.0,1526,500.0,4.0,,,0,3.0,1,1,1,1,35,,1969,3
1702,67,0.06847176545018005,0.2511931228684965,0.21110410593471368,0.34176855721108834,2,1,6,1,,,5263,84441,82412,32575,1,2,0,6,62,1,0,0,0,9.54,1,604.2,304.2,69760,300.0,3.0,,1.0,1,3.0,1,1,1,1,33,,1935,10
3449,67,0.21430765614803227,0.30783875734638805,0.2028496022985212,0.29095959532970006,1,1,11,1,,,97523,42786,51948,64852,1,0,0,13,64,0,0,1,0,50.82,1,1969.16,1969.16,48837,0.0,,,0.0,1,,1,1,1,1,37,,1936,10
3777,147,0.19603402132364714,0.3311672764814033,0.24949481126153214,0.3497041207672026,1,7,11,1,2.0,,47828,95934,74781,2007,2,2,0,9,60,1,0,1,0,12.73,2,974.84,1033.92,12536,-59.08,,,1.0,1,,1,1,1,1,28,52.0,1985,3
2579,83,0.17889108115246533,0.3226126052587131,0.20135025174241342,0.17661254300377566,2,3,11,1,,,48924,7737,73750,71981,1,0,0,6,60,1,0,0,1,12.19,1,660.0,0.0,29541,660.0,5.0,,,1,1.0,1,1,1,1,53,,2005,2
1161,123,0.16240591088121425,0.2782809883926156,0.30393313026737323,0.23979227719707244,2,7,11,1,,,75182,37062,67262,77242,1,0,0,5,60,1,1,1,0,14.38,1,500.0,200.0,80083,300.0,4.0,,2.0,1,1.0,1,1,1,1,28,,1983,12
1201,69,0.1538297962063487,0.25692768491128,0.2661582236067649,0.14600202351803673,1,6,11,1,,,94065,55237,47600,48517,1,0,0,5,60,1,0,1,1,47.27,1,1300.0,550.0,52027,750.0,4.0,2.0,1.0,0,1.0,1,1,1,1,42,,1966,1
2981,101,0.14077547078825822,0.28726496098867194,0.20708190860833348,0.4248991102126057,1,1,11,1,,,60052,52571,77898,30257,1,0,0,3,60,1,0,0,0,20.16,1,384.0,384.0,35531,0.0,,,0.0,1,,1,1,1,1,25,,1999,7
1995,114,0.04456647068036848,0.3941572154432445,0.2579856765258932,0.4240213779294541,2,1,11,1,,,12664,26510,63483,88272,1,3,0,9,72,1,0,0,1,52.85,1,1800.0,450.0,9712,1350.0,8.0,,2.0,0,0.0,1,1,1,1,39,,1991,7
3317,131,0.17565790941505782,0.2508666548930515,0.23733988227081287,0.3324871032356136,1,1,11,1,,,36737,20426,19297,43207,1,0,0,12,60,1,0,0,1,23.24,1,425.0,170.0,66455,255.0,5.0,2.0,1.0,1,7.0,1,1,1,1,42,,1928,12
4934,128,0.262901815579441,0.27183521395825405,0.22769347529065065,0.2219458079226243,1,1,11,1,,,90563,38265,31448,14281,0,0,0,12,60,1,0,0,1,24.63,1,0.0,0.0,75744,0.0,,2.0,,1,,1,1,1,1,37,,1960,2
1815,142,0.1713484521778019,0.3087038269305738,0.2465132905040122,0.4513921964806404,2,1,11,1,,,30373,18850,27172,62246,0,0,0,9,61,1,0,1,0,32.11,1,1007.11,1007.11,6109,0.0,,,0.0,1,,1,1,1,1,25,,1995,7
4342,101,0.2334090547006747,0.29327989688259676,0.2217618877901884,0.249472902947768,2,7,11,1,,,37397,67150,43874,2435,1,0,0,9,60,1,1,1,0,14.22,1,900.0,900.0,50268,0.0,,,1.0,1,,1,1,1,1,53,,1954,8
1455,136,0.12372250285958117,0.2910202146175415,0.22792113565259287,0.2758538611808254,2,2,6,1,,,87145,88312,8657,99875,1,4,0,6,60,1,0,0,1,18.71,1,700.0,0.0,55615,700.0,6.0,,,1,0.0,1,1,1,1,25,,1932,1
4533,40,0.10930300761302897,0.3574532082541085,0.24719773243768733,0.3009895146709881,2,5,11,1,1.0,8.0,39709,90613,85386,92357,1,0,0,10,67,1,0,2,1,23.4,1,1271.45,579.17,83503,692.28,5.0,,1.0,1,5.0,1,1,1,1,32,52.0,1974,9
4798,66,0.14478864183415918,0.27152095764999284,0.2878372078697833,0.3206792752811913,2,1,11,1,,,62120,75910,26425,27660,1,0,0,12,60,1,0,0,1,38.7,1,570.0,228.0,30759,342.0,7.0,2.0,1.0,1,5.0,1,1,1,1,24,,1952,7
2275,101,0.12722038495747723,0.29657164042641376,0.2282796800500066,0.33364607235703586,2,1,11,1,,,20250,53375,27685,6084,1,0,0,12,62,1,0,0,1,20.64,1,1152.01,402.01,86708,750.0,7.0,,1.0,1,4.0,1,1,1,1,33,,2001,3
2016,116,0.11714642947814535,0.30302669377076996,0.2049695465671039,0.3363541856938893,2,6,7,1,,,22172,36435,25578,83197,1,2,0,13,61,1,0,1,0,32.58,1,1374.0,1487.0,61112,-113.0,,,1.0,1,,1,1,1,1,45,,1963,8
4773,144,0.22155749328818547,0.2729697902740794,0.15287874246686176,0.28048548286380814,1,1,7,1,,,12555,97443,29831,14507,1,0,0,9,60,1,0,1,0,12.92,1,808.2,808.2,27589,0.0,,,1.0,1,,1,1,1,1,53,,1964,7
